{
  "project_info": {
    "project_number": "447613781836",
    "firebase_url": "https://construction-cost-estima-cb7cf-default-rtdb.firebaseio.com",
    "project_id": "construction-cost-estima-cb7cf",
    "storage_bucket": "construction-cost-estima-cb7cf.appspot.com"
  },
  "client": [
    {
      "client_info": {
        "mobilesdk_app_id": "1:447613781836:android:625a6506fa09bd283171e9",
        "android_client_info": {
          "package_name": "my.fyp.constructioncostestimator"
        }
      },
      "oauth_client": [
        {
          "client_id": "447613781836-cqa81qpe21k0v1llo5b21j434ldnuhfl.apps.googleusercontent.com",
          "client_type": 1,
          "android_info": {
            "package_name": "my.fyp.constructioncostestimator",
            "certificate_hash": "cfb5130a3e33b4b2973c5e448f3ded18845ad0f8"
          }
        },
        {
          "client_id": "447613781836-umba2u2np7amgtdt1n8ihhnrlf6ipkgb.apps.googleusercontent.com",
          "client_type": 3
        }
      ],
      "api_key": [
        {
          "current_key": "AIzaSyDCbBY49fx5_zrHGQKgzBBkXgru-MMCUHc"
        }
      ],
      "services": {
        "appinvite_service": {
          "other_platform_oauth_client": [
            {
              "client_id": "447613781836-umba2u2np7amgtdt1n8ihhnrlf6ipkgb.apps.googleusercontent.com",
              "client_type": 3
            }
          ]
        }
      }
    }
  ],
  "configuration_version": "1"
}