{
  "project_info": {
    "project_number": "181325350873",
    "firebase_url": "https://baby-diary-c446b-default-rtdb.firebaseio.com",
    "project_id": "baby-diary-c446b",
    "storage_bucket": "baby-diary-c446b.appspot.com"
  },
  "client": [
    {
      "client_info": {
        "mobilesdk_app_id": "1:181325350873:android:2ca1c21f968c93d67c7bc8",
        "android_client_info": {
          "package_name": "my.fyp.babydiary"
        }
      },
      "oauth_client": [
        {
          "client_id": "181325350873-2rh77pbfbbpb6lb1s5tlohhi5nj3aasi.apps.googleusercontent.com",
          "client_type": 1,
          "android_info": {
            "package_name": "my.fyp.babydiary",
            "certificate_hash": "cfb5130a3e33b4b2973c5e448f3ded18845ad0f8"
          }
        },
        {
          "client_id": "181325350873-q1vc3e7nrsq5qv5tgs0jfiovfmqp6jin.apps.googleusercontent.com",
          "client_type": 3
        }
      ],
      "api_key": [
        {
          "current_key": "AIzaSyA2nRXuFnZ5jM67dsoNVjz20OGkP0B_nho"
        }
      ],
      "services": {
        "appinvite_service": {
          "other_platform_oauth_client": [
            {
              "client_id": "181325350873-q1vc3e7nrsq5qv5tgs0jfiovfmqp6jin.apps.googleusercontent.com",
              "client_type": 3
            }
          ]
        }
      }
    }
  ],
  "configuration_version": "1"
}